/Users/yashcomputers/Desktop/Svara/data/combined/Gujarati/bona_0079.wav,bonafide
/Users/yashcomputers/Desktop/Svara/data/combined/Kannada/spoof_0054.wav,spoof
/Users/yashcomputers/Desktop/Svara/data/combined/Punjabi/bona_0085.wav,bonafide
/Users/yashcomputers/Desktop/Svara/data/combined/Punjabi/bona_0090.wav,bonafide
/Users/yashcomputers/Desktop/Svara/data/combined/Urdu/bona_0122.wav,bonafide
/Users/yashcomputers/Desktop/Svara/data/combined/Tamil/spoof_0119.wav,spoof
/Users/yashcomputers/Desktop/Svara/data/combined/Urdu/spoof_0040.wav,spoof
/Users/yashcomputers/Desktop/Svara/data/mlaad/fake/en/tts_models_en_ljspeech_tacotron2-DCA/emerald_city_of_oz_09_f000067.wav,spoof
/Users/yashcomputers/Desktop/Svara/data/combined/Marathi/spoof_0136.wav,spoof
/Users/yashcomputers/Desktop/Svara/data/mlaad/fake/en/tts_models_en_ljspeech_tacotron2-DCA/emerald_city_of_oz_09_f000080.wav,spoof
/Users/yashcomputers/Desktop/Svara/data/combined/Bengali/bona_0122.wav,bonafide
/Users/yashcomputers/Desktop/Svara/data/mlaad/fake/en/tts_models_en_ljspeech_tacotron2-DCA/dorothy_and_wizard_oz_04_f000051.wav,spoof
/Users/yashcomputers/Desktop/Svara/data/combined/Malayalam/bona_0102.wav,bonafide
/Users/yashcomputers/Desktop/Svara/data/combined/Bengali/spoof_0070.wav,spoof
/Users/yashcomputers/Desktop/Svara/data/combined/Hindi/bona_0072.wav,bonafide
/Users/yashcomputers/Desktop/Svara/data/combined/Kannada/spoof_0038.wav,spoof
/Users/yashcomputers/Desktop/Svara/data/combined/Telugu/spoof_0098.wav,spoof
/Users/yashcomputers/Desktop/Svara/data/mlaad/fake/en/VoXtream2/dorothy_and_wizard_oz_15_f000008.wav,spoof
/Users/yashcomputers/Desktop/Svara/data/combined/Sanskrit/spoof_0110.wav,spoof
/Users/yashcomputers/Desktop/Svara/data/combined/Gujarati/spoof_0013.wav,spoof
/Users/yashcomputers/Desktop/Svara/data/combined/Punjabi/bona_0098.wav,bonafide
/Users/yashcomputers/Desktop/Svara/data/combined/Kannada/spoof_0083.wav,spoof
/Users/yashcomputers/Desktop/Svara/data/combined/Marathi/spoof_0050.wav,spoof
/Users/yashcomputers/Desktop/Svara/data/combined/Sanskrit/bona_0040.wav,bonafide
/Users/yashcomputers/Desktop/Svara/data/combined/Malayalam/spoof_0033.wav,spoof
/Users/yashcomputers/Desktop/Svara/data/mlaad/fake/en/MegaTTS3/emerald_city_of_oz_03_f000034.wav,spoof
/Users/yashcomputers/Desktop/Svara/data/combined/Gujarati/bona_0113.wav,bonafide
/Users/yashcomputers/Desktop/Svara/data/combined/Sanskrit/spoof_0033.wav,spoof
/Users/yashcomputers/Desktop/Svara/data/combined/Urdu/spoof_0086.wav,spoof
/Users/yashcomputers/Desktop/Svara/data/mlaad/fake/en/tts_models_en_ljspeech_tacotron2-DCA/emerald_city_of_oz_08_f000033.wav,spoof
/Users/yashcomputers/Desktop/Svara/data/combined/Bengali/spoof_0079.wav,spoof
/Users/yashcomputers/Desktop/Svara/data/combined/Kannada/spoof_0019.wav,spoof
/Users/yashcomputers/Desktop/Svara/data/mlaad/fake/en/tts_models_en_ljspeech_tacotron2-DCA/emerald_city_of_oz_08_f000039.wav,spoof
/Users/yashcomputers/Desktop/Svara/data/combined/Malayalam/spoof_0078.wav,spoof
/Users/yashcomputers/Desktop/Svara/data/combined/Telugu/spoof_0070.wav,spoof
/Users/yashcomputers/Desktop/Svara/data/combined/Odia/bona_0141.wav,bonafide
/Users/yashcomputers/Desktop/Svara/data/combined/Hindi/bona_0066.wav,bonafide
/Users/yashcomputers/Desktop/Svara/data/combined/Sanskrit/spoof_0114.wav,spoof
/Users/yashcomputers/Desktop/Svara/data/combined/Gujarati/spoof_0043.wav,spoof
/Users/yashcomputers/Desktop/Svara/data/combined/Kannada/bona_0113.wav,bonafide
/Users/yashcomputers/Desktop/Svara/data/combined/Sanskrit/spoof_0024.wav,spoof
/Users/yashcomputers/Desktop/Svara/data/combined/Urdu/bona_0093.wav,bonafide
/Users/yashcomputers/Desktop/Svara/data/mlaad/fake/en/tts_models_en_ljspeech_tacotron2-DCA/emerald_city_of_oz_04_f000084.wav,spoof
/Users/yashcomputers/Desktop/Svara/data/mlaad/fake/en/tts_models_en_ljspeech_tacotron2-DCA/emerald_city_of_oz_08_f000028.wav,spoof
/Users/yashcomputers/Desktop/Svara/data/mlaad/fake/en/tts_models_en_ljspeech_tacotron2-DCA/dorothy_and_wizard_oz_14_f000052.wav,spoof
/Users/yashcomputers/Desktop/Svara/data/combined/Bengali/spoof_0074.wav,spoof
/Users/yashcomputers/Desktop/Svara/data/combined/Sanskrit/spoof_0118.wav,spoof
/Users/yashcomputers/Desktop/Svara/data/combined/Telugu/bona_0144.wav,bonafide
/Users/yashcomputers/Desktop/Svara/data/combined/Telugu/spoof_0043.wav,spoof
/Users/yashcomputers/Desktop/Svara/data/combined/Kannada/spoof_0014.wav,spoof
/Users/yashcomputers/Desktop/Svara/data/combined/Gujarati/spoof_0054.wav,spoof
/Users/yashcomputers/Desktop/Svara/data/mlaad/fake/en/VoXtream2/emerald_city_of_oz_07_f000051.wav,spoof
/Users/yashcomputers/Desktop/Svara/data/mlaad/fake/en/VoXtream2/emerald_city_of_oz_09_f000026.wav,spoof
/Users/yashcomputers/Desktop/Svara/data/mlaad/fake/en/tts_models_en_ljspeech_tacotron2-DCA/dorothy_and_wizard_oz_12_f000057.wav,spoof
/Users/yashcomputers/Desktop/Svara/data/mlaad/fake/en/VoXtream2/dorothy_and_wizard_oz_15_f000054.wav,spoof
/Users/yashcomputers/Desktop/Svara/data/combined/Gujarati/bona_0069.wav,bonafide
/Users/yashcomputers/Desktop/Svara/data/combined/Punjabi/spoof_0130.wav,spoof
/Users/yashcomputers/Desktop/Svara/data/combined/Punjabi/bona_0084.wav,bonafide
/Users/yashcomputers/Desktop/Svara/data/mlaad/fake/en/MegaTTS3/emerald_city_of_oz_01_f000017.wav,spoof
/Users/yashcomputers/Desktop/Svara/data/combined/Hindi/bona_0062.wav,bonafide
/Users/yashcomputers/Desktop/Svara/data/combined/Kannada/bona_0072.wav,bonafide
/Users/yashcomputers/Desktop/Svara/data/mlaad/fake/en/MegaTTS3/dorothy_and_wizard_oz_03_f000120.wav,spoof
/Users/yashcomputers/Desktop/Svara/data/combined/Sanskrit/bona_0081.wav,bonafide
/Users/yashcomputers/Desktop/Svara/data/mlaad/fake/en/VoXtream2/dorothy_and_wizard_oz_14_f000028.wav,spoof
/Users/yashcomputers/Desktop/Svara/data/combined/Malayalam/bona_0029.wav,bonafide
/Users/yashcomputers/Desktop/Svara/data/combined/Malayalam/bona_0118.wav,bonafide
/Users/yashcomputers/Desktop/Svara/data/combined/Hindi/spoof_0045.wav,spoof
/Users/yashcomputers/Desktop/Svara/data/mlaad/fake/en/tts_models_en_ljspeech_tacotron2-DCA/dorothy_and_wizard_oz_04_f000046.wav,spoof
/Users/yashcomputers/Desktop/Svara/data/combined/Punjabi/bona_0069.wav,bonafide
/Users/yashcomputers/Desktop/Svara/data/mlaad/fake/en/VoXtream2/emerald_city_of_oz_05_f000040.wav,spoof
/Users/yashcomputers/Desktop/Svara/data/mlaad/fake/en/tts_models_en_ljspeech_tacotron2-DCA/dorothy_and_wizard_oz_05_f000039.wav,spoof
/Users/yashcomputers/Desktop/Svara/data/combined/Tamil/spoof_0125.wav,spoof
/Users/yashcomputers/Desktop/Svara/data/mlaad/fake/en/MegaTTS3/emerald_city_of_oz_07_f000005.wav,spoof
/Users/yashcomputers/Desktop/Svara/data/mlaad/fake/en/VoXtream2/dorothy_and_wizard_oz_04_f000096.wav,spoof
/Users/yashcomputers/Desktop/Svara/data/combined/Odia/spoof_0028.wav,spoof
/Users/yashcomputers/Desktop/Svara/data/combined/Bengali/spoof_0061.wav,spoof
/Users/yashcomputers/Desktop/Svara/data/mlaad/fake/en/VoXtream2/dorothy_and_wizard_oz_12_f000105.wav,spoof
/Users/yashcomputers/Desktop/Svara/data/mlaad/fake/en/VoXtream2/dorothy_and_wizard_oz_15_f000090.wav,spoof
/Users/yashcomputers/Desktop/Svara/data/mlaad/fake/en/MegaTTS3/dorothy_and_wizard_oz_02_f000001.wav,spoof
/Users/yashcomputers/Desktop/Svara/data/combined/Bengali/bona_0071.wav,bonafide
/Users/yashcomputers/Desktop/Svara/data/combined/Kannada/bona_0101.wav,bonafide
/Users/yashcomputers/Desktop/Svara/data/combined/Tamil/spoof_0038.wav,spoof
/Users/yashcomputers/Desktop/Svara/data/combined/Urdu/spoof_0082.wav,spoof
/Users/yashcomputers/Desktop/Svara/data/combined/Bengali/bona_0136.wav,bonafide
/Users/yashcomputers/Desktop/Svara/data/combined/Gujarati/spoof_0079.wav,spoof
/Users/yashcomputers/Desktop/Svara/data/combined/Gujarati/spoof_0002.wav,spoof
/Users/yashcomputers/Desktop/Svara/data/combined/Malayalam/spoof_0118.wav,spoof
/Users/yashcomputers/Desktop/Svara/data/combined/Kannada/bona_0073.wav,bonafide
/Users/yashcomputers/Desktop/Svara/data/combined/Odia/spoof_0074.wav,spoof
/Users/yashcomputers/Desktop/Svara/data/combined/Punjabi/spoof_0084.wav,spoof
/Users/yashcomputers/Desktop/Svara/data/combined/Odia/spoof_0114.wav,spoof
/Users/yashcomputers/Desktop/Svara/data/mlaad/fake/en/tts_models_en_ljspeech_tacotron2-DCA/dorothy_and_wizard_oz_02_f000151.wav,spoof
/Users/yashcomputers/Desktop/Svara/data/combined/Telugu/spoof_0072.wav,spoof
/Users/yashcomputers/Desktop/Svara/data/combined/Gujarati/bona_0111.wav,bonafide
/Users/yashcomputers/Desktop/Svara/data/mlaad/fake/en/VoXtream2/dorothy_and_wizard_oz_09_f000015.wav,spoof
/Users/yashcomputers/Desktop/Svara/data/mlaad/fake/en/MegaTTS3/dorothy_and_wizard_oz_05_f000006.wav,spoof
/Users/yashcomputers/Desktop/Svara/data/mlaad/fake/en/MegaTTS3/dorothy_and_wizard_oz_02_f000120.wav,spoof
/Users/yashcomputers/Desktop/Svara/data/combined/Bengali/bona_0062.wav,bonafide
/Users/yashcomputers/Desktop/Svara/data/combined/Sanskrit/spoof_0021.wav,spoof
/Users/yashcomputers/Desktop/Svara/data/mlaad/fake/en/tts_models_en_ljspeech_tacotron2-DCA/dorothy_and_wizard_oz_02_f000022.wav,spoof
/Users/yashcomputers/Desktop/Svara/data/mlaad/fake/en/MegaTTS3/dorothy_and_wizard_oz_04_f000070.wav,spoof
/Users/yashcomputers/Desktop/Svara/data/combined/Telugu/bona_0110.wav,bonafide
/Users/yashcomputers/Desktop/Svara/data/combined/Marathi/bona_0054.wav,bonafide
/Users/yashcomputers/Desktop/Svara/data/combined/Kannada/bona_0068.wav,bonafide
/Users/yashcomputers/Desktop/Svara/data/mlaad/fake/en/tts_models_en_ljspeech_tacotron2-DCA/dorothy_and_wizard_oz_09_f000068.wav,spoof
/Users/yashcomputers/Desktop/Svara/data/combined/Telugu/spoof_0033.wav,spoof
/Users/yashcomputers/Desktop/Svara/data/combined/Malayalam/spoof_0042.wav,spoof
/Users/yashcomputers/Desktop/Svara/data/combined/Kannada/spoof_0055.wav,spoof
/Users/yashcomputers/Desktop/Svara/data/combined/Marathi/spoof_0137.wav,spoof
/Users/yashcomputers/Desktop/Svara/data/combined/Urdu/bona_0075.wav,bonafide
/Users/yashcomputers/Desktop/Svara/data/combined/Punjabi/spoof_0078.wav,spoof
/Users/yashcomputers/Desktop/Svara/data/mlaad/fake/en/VoXtream2/emerald_city_of_oz_10_f000069.wav,spoof
/Users/yashcomputers/Desktop/Svara/data/combined/Odia/spoof_0093.wav,spoof
/Users/yashcomputers/Desktop/Svara/data/combined/Kannada/bona_0133.wav,bonafide
/Users/yashcomputers/Desktop/Svara/data/mlaad/fake/en/tts_models_en_ljspeech_tacotron2-DCA/emerald_city_of_oz_07_f000010.wav,spoof
/Users/yashcomputers/Desktop/Svara/data/combined/Odia/spoof_0022.wav,spoof
/Users/yashcomputers/Desktop/Svara/data/combined/Odia/spoof_0139.wav,spoof
/Users/yashcomputers/Desktop/Svara/data/combined/Malayalam/spoof_0130.wav,spoof
/Users/yashcomputers/Desktop/Svara/data/mlaad/fake/en/MegaTTS3/dorothy_and_wizard_oz_12_f000030.wav,spoof
/Users/yashcomputers/Desktop/Svara/data/combined/Urdu/spoof_0142.wav,spoof
/Users/yashcomputers/Desktop/Svara/data/combined/Odia/spoof_0108.wav,spoof
/Users/yashcomputers/Desktop/Svara/data/combined/Odia/spoof_0145.wav,spoof
/Users/yashcomputers/Desktop/Svara/data/mlaad/fake/en/MegaTTS3/dorothy_and_wizard_oz_16_f000046.wav,spoof
/Users/yashcomputers/Desktop/Svara/data/combined/Telugu/bona_0015.wav,bonafide
/Users/yashcomputers/Desktop/Svara/data/combined/Malayalam/spoof_0140.wav,spoof
/Users/yashcomputers/Desktop/Svara/data/combined/Bengali/spoof_0134.wav,spoof
/Users/yashcomputers/Desktop/Svara/data/combined/Punjabi/bona_0132.wav,bonafide
/Users/yashcomputers/Desktop/Svara/data/mlaad/fake/en/MegaTTS3/dorothy_and_wizard_oz_05_f000022.wav,spoof
/Users/yashcomputers/Desktop/Svara/data/combined/Kannada/spoof_0053.wav,spoof
/Users/yashcomputers/Desktop/Svara/data/combined/Kannada/bona_0099.wav,bonafide
/Users/yashcomputers/Desktop/Svara/data/mlaad/fake/en/VoXtream2/dorothy_and_wizard_oz_05_f000054.wav,spoof
/Users/yashcomputers/Desktop/Svara/data/combined/Urdu/bona_0111.wav,bonafide
/Users/yashcomputers/Desktop/Svara/data/combined/Kannada/spoof_0061.wav,spoof
/Users/yashcomputers/Desktop/Svara/data/combined/Malayalam/spoof_0049.wav,spoof
/Users/yashcomputers/Desktop/Svara/data/combined/Punjabi/bona_0125.wav,bonafide
/Users/yashcomputers/Desktop/Svara/data/mlaad/fake/en/tts_models_en_ljspeech_tacotron2-DCA/emerald_city_of_oz_07_f000111.wav,spoof
/Users/yashcomputers/Desktop/Svara/data/combined/Marathi/bona_0019.wav,bonafide
/Users/yashcomputers/Desktop/Svara/data/combined/Punjabi/spoof_0000.wav,spoof
/Users/yashcomputers/Desktop/Svara/data/combined/Hindi/spoof_0110.wav,spoof
/Users/yashcomputers/Desktop/Svara/data/combined/Odia/spoof_0122.wav,spoof
/Users/yashcomputers/Desktop/Svara/data/combined/Odia/bona_0075.wav,bonafide
/Users/yashcomputers/Desktop/Svara/data/combined/Telugu/bona_0109.wav,bonafide
/Users/yashcomputers/Desktop/Svara/data/combined/Telugu/bona_0031.wav,bonafide
/Users/yashcomputers/Desktop/Svara/data/combined/Kannada/spoof_0070.wav,spoof
/Users/yashcomputers/Desktop/Svara/data/mlaad/fake/en/VoXtream2/dorothy_and_wizard_oz_02_f000124.wav,spoof
/Users/yashcomputers/Desktop/Svara/data/combined/Urdu/bona_0135.wav,bonafide
/Users/yashcomputers/Desktop/Svara/data/combined/Gujarati/bona_0038.wav,bonafide
/Users/yashcomputers/Desktop/Svara/data/combined/Tamil/spoof_0133.wav,spoof
/Users/yashcomputers/Desktop/Svara/data/combined/Malayalam/bona_0063.wav,bonafide
/Users/yashcomputers/Desktop/Svara/data/combined/Hindi/bona_0074.wav,bonafide
/Users/yashcomputers/Desktop/Svara/data/combined/Telugu/bona_0111.wav,bonafide
/Users/yashcomputers/Desktop/Svara/data/combined/Kannada/bona_0139.wav,bonafide
/Users/yashcomputers/Desktop/Svara/data/combined/Urdu/spoof_0073.wav,spoof
/Users/yashcomputers/Desktop/Svara/data/combined/Punjabi/spoof_0051.wav,spoof
/Users/yashcomputers/Desktop/Svara/data/combined/Urdu/bona_0071.wav,bonafide
/Users/yashcomputers/Desktop/Svara/data/combined/Telugu/spoof_0008.wav,spoof
/Users/yashcomputers/Desktop/Svara/data/combined/Gujarati/bona_0095.wav,bonafide
/Users/yashcomputers/Desktop/Svara/data/combined/Hindi/spoof_0106.wav,spoof
/Users/yashcomputers/Desktop/Svara/data/combined/Hindi/spoof_0048.wav,spoof
/Users/yashcomputers/Desktop/Svara/data/combined/Hindi/spoof_0061.wav,spoof
/Users/yashcomputers/Desktop/Svara/data/combined/Hindi/bona_0123.wav,bonafide
/Users/yashcomputers/Desktop/Svara/data/combined/Telugu/spoof_0099.wav,spoof
/Users/yashcomputers/Desktop/Svara/data/combined/Bengali/bona_0001.wav,bonafide
/Users/yashcomputers/Desktop/Svara/data/combined/Hindi/bona_0059.wav,bonafide
/Users/yashcomputers/Desktop/Svara/data/combined/Punjabi/spoof_0050.wav,spoof
/Users/yashcomputers/Desktop/Svara/data/combined/Urdu/bona_0010.wav,bonafide
/Users/yashcomputers/Desktop/Svara/data/mlaad/fake/en/tts_models_en_ljspeech_tacotron2-DCA/dorothy_and_wizard_oz_19_f000023.wav,spoof
/Users/yashcomputers/Desktop/Svara/data/mlaad/fake/en/tts_models_en_ljspeech_tacotron2-DCA/dorothy_and_wizard_oz_04_f000048.wav,spoof
/Users/yashcomputers/Desktop/Svara/data/mlaad/fake/en/MegaTTS3/dorothy_and_wizard_oz_04_f000027.wav,spoof
/Users/yashcomputers/Desktop/Svara/data/mlaad/fake/en/MegaTTS3/emerald_city_of_oz_02_f000030.wav,spoof
/Users/yashcomputers/Desktop/Svara/data/combined/Malayalam/bona_0087.wav,bonafide
/Users/yashcomputers/Desktop/Svara/data/combined/Telugu/spoof_0065.wav,spoof
/Users/yashcomputers/Desktop/Svara/data/mlaad/fake/en/VoXtream2/dorothy_and_wizard_oz_16_f000032.wav,spoof
/Users/yashcomputers/Desktop/Svara/data/mlaad/fake/en/MegaTTS3/dorothy_and_wizard_oz_20_f000008.wav,spoof
/Users/yashcomputers/Desktop/Svara/data/mlaad/fake/en/VoXtream2/emerald_city_of_oz_11_f000090.wav,spoof
/Users/yashcomputers/Desktop/Svara/data/combined/Punjabi/spoof_0081.wav,spoof
/Users/yashcomputers/Desktop/Svara/data/mlaad/fake/en/VoXtream2/emerald_city_of_oz_09_f000022.wav,spoof
/Users/yashcomputers/Desktop/Svara/data/combined/Telugu/bona_0093.wav,bonafide
/Users/yashcomputers/Desktop/Svara/data/mlaad/fake/en/MegaTTS3/emerald_city_of_oz_10_f000115.wav,spoof
/Users/yashcomputers/Desktop/Svara/data/combined/Hindi/spoof_0077.wav,spoof
/Users/yashcomputers/Desktop/Svara/data/mlaad/fake/en/VoXtream2/emerald_city_of_oz_16_f000092.wav,spoof
/Users/yashcomputers/Desktop/Svara/data/combined/Gujarati/bona_0116.wav,bonafide
/Users/yashcomputers/Desktop/Svara/data/mlaad/fake/en/MegaTTS3/dorothy_and_wizard_oz_14_f000110.wav,spoof
/Users/yashcomputers/Desktop/Svara/data/combined/Bengali/spoof_0037.wav,spoof
/Users/yashcomputers/Desktop/Svara/data/combined/Sanskrit/bona_0099.wav,bonafide
/Users/yashcomputers/Desktop/Svara/data/combined/Kannada/bona_0144.wav,bonafide
/Users/yashcomputers/Desktop/Svara/data/combined/Sanskrit/bona_0132.wav,bonafide
/Users/yashcomputers/Desktop/Svara/data/combined/Tamil/spoof_0011.wav,spoof
/Users/yashcomputers/Desktop/Svara/data/combined/Urdu/spoof_0030.wav,spoof
/Users/yashcomputers/Desktop/Svara/data/combined/Odia/bona_0015.wav,bonafide
/Users/yashcomputers/Desktop/Svara/data/combined/Gujarati/spoof_0000.wav,spoof
/Users/yashcomputers/Desktop/Svara/data/combined/Gujarati/spoof_0035.wav,spoof
/Users/yashcomputers/Desktop/Svara/data/mlaad/fake/en/tts_models_en_ljspeech_tacotron2-DCA/dorothy_and_wizard_oz_10_f000024.wav,spoof
/Users/yashcomputers/Desktop/Svara/data/combined/Kannada/bona_0036.wav,bonafide
/Users/yashcomputers/Desktop/Svara/data/mlaad/fake/en/tts_models_en_ljspeech_tacotron2-DCA/emerald_city_of_oz_07_f000075.wav,spoof
/Users/yashcomputers/Desktop/Svara/data/combined/Malayalam/spoof_0003.wav,spoof
/Users/yashcomputers/Desktop/Svara/data/combined/Tamil/bona_0136.wav,bonafide
/Users/yashcomputers/Desktop/Svara/data/combined/Bengali/bona_0130.wav,bonafide
/Users/yashcomputers/Desktop/Svara/data/mlaad/fake/en/MegaTTS3/dorothy_and_wizard_oz_08_f000099.wav,spoof
/Users/yashcomputers/Desktop/Svara/data/combined/Sanskrit/spoof_0144.wav,spoof
/Users/yashcomputers/Desktop/Svara/data/mlaad/fake/en/VoXtream2/emerald_city_of_oz_16_f000065.wav,spoof
/Users/yashcomputers/Desktop/Svara/data/combined/Urdu/bona_0003.wav,bonafide
/Users/yashcomputers/Desktop/Svara/data/mlaad/fake/en/MegaTTS3/dorothy_and_wizard_oz_16_f000092.wav,spoof
/Users/yashcomputers/Desktop/Svara/data/combined/Marathi/spoof_0094.wav,spoof
/Users/yashcomputers/Desktop/Svara/data/combined/Punjabi/spoof_0140.wav,spoof
/Users/yashcomputers/Desktop/Svara/data/combined/Hindi/bona_0009.wav,bonafide
/Users/yashcomputers/Desktop/Svara/data/combined/Marathi/bona_0050.wav,bonafide
/Users/yashcomputers/Desktop/Svara/data/combined/Gujarati/spoof_0073.wav,spoof
/Users/yashcomputers/Desktop/Svara/data/combined/Gujarati/bona_0083.wav,bonafide
/Users/yashcomputers/Desktop/Svara/data/combined/Marathi/bona_0135.wav,bonafide
/Users/yashcomputers/Desktop/Svara/data/combined/Bengali/bona_0087.wav,bonafide
/Users/yashcomputers/Desktop/Svara/data/combined/Tamil/spoof_0105.wav,spoof
/Users/yashcomputers/Desktop/Svara/data/combined/Punjabi/bona_0063.wav,bonafide
/Users/yashcomputers/Desktop/Svara/data/combined/Gujarati/spoof_0120.wav,spoof
/Users/yashcomputers/Desktop/Svara/data/mlaad/fake/en/MegaTTS3/dorothy_and_wizard_oz_14_f000038.wav,spoof
/Users/yashcomputers/Desktop/Svara/data/combined/Marathi/bona_0102.wav,bonafide
/Users/yashcomputers/Desktop/Svara/data/combined/Odia/bona_0088.wav,bonafide
/Users/yashcomputers/Desktop/Svara/data/combined/Telugu/spoof_0119.wav,spoof
/Users/yashcomputers/Desktop/Svara/data/combined/Malayalam/bona_0074.wav,bonafide
/Users/yashcomputers/Desktop/Svara/data/combined/Kannada/spoof_0141.wav,spoof
/Users/yashcomputers/Desktop/Svara/data/combined/Odia/bona_0013.wav,bonafide
/Users/yashcomputers/Desktop/Svara/data/mlaad/fake/en/VoXtream2/dorothy_and_wizard_oz_19_f000047.wav,spoof
/Users/yashcomputers/Desktop/Svara/data/combined/Hindi/bona_0044.wav,bonafide
/Users/yashcomputers/Desktop/Svara/data/mlaad/fake/en/MegaTTS3/dorothy_and_wizard_oz_04_f000025.wav,spoof
/Users/yashcomputers/Desktop/Svara/data/combined/Tamil/spoof_0008.wav,spoof
/Users/yashcomputers/Desktop/Svara/data/combined/Malayalam/bona_0051.wav,bonafide
/Users/yashcomputers/Desktop/Svara/data/combined/Gujarati/bona_0067.wav,bonafide
/Users/yashcomputers/Desktop/Svara/data/combined/Punjabi/bona_0043.wav,bonafide
/Users/yashcomputers/Desktop/Svara/data/mlaad/fake/en/VoXtream2/dorothy_and_wizard_oz_12_f000036.wav,spoof
/Users/yashcomputers/Desktop/Svara/data/combined/Hindi/spoof_0120.wav,spoof
/Users/yashcomputers/Desktop/Svara/data/combined/Hindi/bona_0070.wav,bonafide
/Users/yashcomputers/Desktop/Svara/data/mlaad/fake/en/MegaTTS3/dorothy_and_wizard_oz_13_f000089.wav,spoof
/Users/yashcomputers/Desktop/Svara/data/combined/Sanskrit/bona_0030.wav,bonafide
/Users/yashcomputers/Desktop/Svara/data/mlaad/fake/en/VoXtream2/dorothy_and_wizard_oz_17_f000041.wav,spoof
/Users/yashcomputers/Desktop/Svara/data/combined/Marathi/spoof_0148.wav,spoof
/Users/yashcomputers/Desktop/Svara/data/mlaad/fake/en/MegaTTS3/dorothy_and_wizard_oz_14_f000074.wav,spoof
/Users/yashcomputers/Desktop/Svara/data/combined/Tamil/spoof_0130.wav,spoof
/Users/yashcomputers/Desktop/Svara/data/combined/Malayalam/spoof_0111.wav,spoof
/Users/yashcomputers/Desktop/Svara/data/mlaad/fake/en/MegaTTS3/dorothy_and_wizard_oz_04_f000082.wav,spoof
/Users/yashcomputers/Desktop/Svara/data/combined/Marathi/bona_0038.wav,bonafide
/Users/yashcomputers/Desktop/Svara/data/combined/Marathi/bona_0034.wav,bonafide
/Users/yashcomputers/Desktop/Svara/data/mlaad/fake/en/MegaTTS3/dorothy_and_wizard_oz_05_f000018.wav,spoof
/Users/yashcomputers/Desktop/Svara/data/combined/Urdu/bona_0064.wav,bonafide
/Users/yashcomputers/Desktop/Svara/data/mlaad/fake/en/tts_models_en_ljspeech_tacotron2-DCA/dorothy_and_wizard_oz_05_f000073.wav,spoof
/Users/yashcomputers/Desktop/Svara/data/combined/Tamil/spoof_0020.wav,spoof
/Users/yashcomputers/Desktop/Svara/data/combined/Bengali/spoof_0062.wav,spoof
/Users/yashcomputers/Desktop/Svara/data/combined/Tamil/spoof_0080.wav,spoof
/Users/yashcomputers/Desktop/Svara/data/combined/Punjabi/spoof_0126.wav,spoof
/Users/yashcomputers/Desktop/Svara/data/combined/Sanskrit/spoof_0092.wav,spoof
/Users/yashcomputers/Desktop/Svara/data/combined/Malayalam/spoof_0066.wav,spoof
/Users/yashcomputers/Desktop/Svara/data/combined/Bengali/bona_0090.wav,bonafide
/Users/yashcomputers/Desktop/Svara/data/combined/Malayalam/bona_0001.wav,bonafide
/Users/yashcomputers/Desktop/Svara/data/combined/Punjabi/bona_0030.wav,bonafide
/Users/yashcomputers/Desktop/Svara/data/combined/Urdu/spoof_0113.wav,spoof
/Users/yashcomputers/Desktop/Svara/data/combined/Kannada/spoof_0128.wav,spoof
/Users/yashcomputers/Desktop/Svara/data/combined/Gujarati/bona_0142.wav,bonafide
/Users/yashcomputers/Desktop/Svara/data/mlaad/fake/en/VoXtream2/dorothy_and_wizard_oz_15_f000031.wav,spoof
/Users/yashcomputers/Desktop/Svara/data/combined/Kannada/bona_0116.wav,bonafide
/Users/yashcomputers/Desktop/Svara/data/combined/Telugu/spoof_0057.wav,spoof
/Users/yashcomputers/Desktop/Svara/data/combined/Bengali/spoof_0081.wav,spoof
/Users/yashcomputers/Desktop/Svara/data/combined/Malayalam/bona_0138.wav,bonafide
/Users/yashcomputers/Desktop/Svara/data/combined/Malayalam/spoof_0021.wav,spoof
/Users/yashcomputers/Desktop/Svara/data/combined/Sanskrit/spoof_0133.wav,spoof
/Users/yashcomputers/Desktop/Svara/data/combined/Gujarati/spoof_0026.wav,spoof
/Users/yashcomputers/Desktop/Svara/data/combined/Urdu/spoof_0084.wav,spoof
/Users/yashcomputers/Desktop/Svara/data/combined/Gujarati/bona_0148.wav,bonafide
/Users/yashcomputers/Desktop/Svara/data/combined/Gujarati/spoof_0096.wav,spoof
/Users/yashcomputers/Desktop/Svara/data/combined/Punjabi/spoof_0016.wav,spoof
/Users/yashcomputers/Desktop/Svara/data/combined/Sanskrit/bona_0015.wav,bonafide
/Users/yashcomputers/Desktop/Svara/data/combined/Sanskrit/spoof_0120.wav,spoof
/Users/yashcomputers/Desktop/Svara/data/mlaad/fake/en/MegaTTS3/emerald_city_of_oz_06_f000006.wav,spoof
/Users/yashcomputers/Desktop/Svara/data/combined/Tamil/bona_0139.wav,bonafide
/Users/yashcomputers/Desktop/Svara/data/combined/Malayalam/bona_0096.wav,bonafide
/Users/yashcomputers/Desktop/Svara/data/combined/Tamil/bona_0116.wav,bonafide
/Users/yashcomputers/Desktop/Svara/data/combined/Odia/bona_0095.wav,bonafide
/Users/yashcomputers/Desktop/Svara/data/combined/Telugu/spoof_0061.wav,spoof
/Users/yashcomputers/Desktop/Svara/data/combined/Tamil/spoof_0029.wav,spoof
/Users/yashcomputers/Desktop/Svara/data/combined/Urdu/bona_0076.wav,bonafide
/Users/yashcomputers/Desktop/Svara/data/mlaad/fake/en/MegaTTS3/dorothy_and_wizard_oz_16_f000031.wav,spoof
/Users/yashcomputers/Desktop/Svara/data/mlaad/fake/en/MegaTTS3/dorothy_and_wizard_oz_14_f000042.wav,spoof
/Users/yashcomputers/Desktop/Svara/data/combined/Odia/spoof_0110.wav,spoof
/Users/yashcomputers/Desktop/Svara/data/combined/Sanskrit/bona_0041.wav,bonafide
/Users/yashcomputers/Desktop/Svara/data/combined/Malayalam/bona_0020.wav,bonafide
/Users/yashcomputers/Desktop/Svara/data/combined/Bengali/spoof_0040.wav,spoof
/Users/yashcomputers/Desktop/Svara/data/combined/Odia/spoof_0069.wav,spoof
/Users/yashcomputers/Desktop/Svara/data/combined/Malayalam/spoof_0136.wav,spoof
/Users/yashcomputers/Desktop/Svara/data/combined/Malayalam/bona_0041.wav,bonafide
/Users/yashcomputers/Desktop/Svara/data/combined/Marathi/spoof_0071.wav,spoof
/Users/yashcomputers/Desktop/Svara/data/combined/Tamil/bona_0149.wav,bonafide
/Users/yashcomputers/Desktop/Svara/data/mlaad/fake/en/VoXtream2/dorothy_and_wizard_oz_16_f000029.wav,spoof
/Users/yashcomputers/Desktop/Svara/data/mlaad/fake/en/tts_models_en_ljspeech_tacotron2-DCA/dorothy_and_wizard_oz_06_f000049.wav,spoof
/Users/yashcomputers/Desktop/Svara/data/mlaad/fake/en/VoXtream2/dorothy_and_wizard_oz_07_f000009.wav,spoof
/Users/yashcomputers/Desktop/Svara/data/combined/Gujarati/spoof_0114.wav,spoof
/Users/yashcomputers/Desktop/Svara/data/mlaad/fake/en/tts_models_en_ljspeech_tacotron2-DCA/dorothy_and_wizard_oz_12_f000072.wav,spoof
/Users/yashcomputers/Desktop/Svara/data/combined/Sanskrit/spoof_0103.wav,spoof
/Users/yashcomputers/Desktop/Svara/data/combined/Punjabi/bona_0109.wav,bonafide
/Users/yashcomputers/Desktop/Svara/data/combined/Urdu/bona_0022.wav,bonafide
/Users/yashcomputers/Desktop/Svara/data/mlaad/fake/en/MegaTTS3/dorothy_and_wizard_oz_09_f000078.wav,spoof
/Users/yashcomputers/Desktop/Svara/data/combined/Urdu/bona_0114.wav,bonafide
/Users/yashcomputers/Desktop/Svara/data/mlaad/fake/en/tts_models_en_ljspeech_tacotron2-DCA/dorothy_and_wizard_oz_08_f000054.wav,spoof
/Users/yashcomputers/Desktop/Svara/data/combined/Sanskrit/spoof_0061.wav,spoof
/Users/yashcomputers/Desktop/Svara/data/mlaad/fake/en/tts_models_en_ljspeech_tacotron2-DCA/dorothy_and_wizard_oz_03_f000001.wav,spoof
/Users/yashcomputers/Desktop/Svara/data/combined/Tamil/bona_0147.wav,bonafide
/Users/yashcomputers/Desktop/Svara/data/combined/Odia/bona_0093.wav,bonafide
/Users/yashcomputers/Desktop/Svara/data/combined/Gujarati/bona_0076.wav,bonafide
/Users/yashcomputers/Desktop/Svara/data/combined/Odia/spoof_0011.wav,spoof
/Users/yashcomputers/Desktop/Svara/data/combined/Odia/spoof_0073.wav,spoof
/Users/yashcomputers/Desktop/Svara/data/mlaad/fake/en/tts_models_en_ljspeech_tacotron2-DCA/emerald_city_of_oz_01_f000018.wav,spoof
/Users/yashcomputers/Desktop/Svara/data/combined/Sanskrit/bona_0114.wav,bonafide
/Users/yashcomputers/Desktop/Svara/data/combined/Urdu/bona_0099.wav,bonafide
/Users/yashcomputers/Desktop/Svara/data/combined/Bengali/bona_0099.wav,bonafide
/Users/yashcomputers/Desktop/Svara/data/mlaad/fake/en/MegaTTS3/dorothy_and_wizard_oz_03_f000006.wav,spoof
/Users/yashcomputers/Desktop/Svara/data/combined/Bengali/bona_0006.wav,bonafide
/Users/yashcomputers/Desktop/Svara/data/combined/Punjabi/spoof_0075.wav,spoof
/Users/yashcomputers/Desktop/Svara/data/combined/Gujarati/spoof_0080.wav,spoof
/Users/yashcomputers/Desktop/Svara/data/combined/Hindi/spoof_0137.wav,spoof
/Users/yashcomputers/Desktop/Svara/data/combined/Telugu/spoof_0082.wav,spoof
/Users/yashcomputers/Desktop/Svara/data/combined/Urdu/spoof_0131.wav,spoof
/Users/yashcomputers/Desktop/Svara/data/combined/Punjabi/bona_0039.wav,bonafide
/Users/yashcomputers/Desktop/Svara/data/combined/Kannada/bona_0069.wav,bonafide
/Users/yashcomputers/Desktop/Svara/data/combined/Telugu/spoof_0090.wav,spoof
/Users/yashcomputers/Desktop/Svara/data/mlaad/fake/en/tts_models_en_ljspeech_tacotron2-DCA/dorothy_and_wizard_oz_15_f000056.wav,spoof
/Users/yashcomputers/Desktop/Svara/data/combined/Odia/spoof_0031.wav,spoof
/Users/yashcomputers/Desktop/Svara/data/combined/Sanskrit/spoof_0149.wav,spoof
/Users/yashcomputers/Desktop/Svara/data/mlaad/fake/en/MegaTTS3/emerald_city_of_oz_06_f000039.wav,spoof
/Users/yashcomputers/Desktop/Svara/data/combined/Urdu/spoof_0053.wav,spoof
/Users/yashcomputers/Desktop/Svara/data/combined/Tamil/spoof_0063.wav,spoof
/Users/yashcomputers/Desktop/Svara/data/combined/Telugu/bona_0077.wav,bonafide
/Users/yashcomputers/Desktop/Svara/data/combined/Malayalam/bona_0066.wav,bonafide
/Users/yashcomputers/Desktop/Svara/data/combined/Marathi/spoof_0076.wav,spoof
/Users/yashcomputers/Desktop/Svara/data/mlaad/fake/en/tts_models_en_ljspeech_tacotron2-DCA/emerald_city_of_oz_02_f000067.wav,spoof
/Users/yashcomputers/Desktop/Svara/data/combined/Odia/spoof_0015.wav,spoof
/Users/yashcomputers/Desktop/Svara/data/combined/Hindi/bona_0147.wav,bonafide
/Users/yashcomputers/Desktop/Svara/data/combined/Odia/spoof_0038.wav,spoof
/Users/yashcomputers/Desktop/Svara/data/combined/Kannada/bona_0125.wav,bonafide
/Users/yashcomputers/Desktop/Svara/data/combined/Odia/bona_0029.wav,bonafide
/Users/yashcomputers/Desktop/Svara/data/mlaad/fake/en/MegaTTS3/dorothy_and_wizard_oz_19_f000039.wav,spoof
/Users/yashcomputers/Desktop/Svara/data/combined/Sanskrit/bona_0016.wav,bonafide
/Users/yashcomputers/Desktop/Svara/data/combined/Urdu/spoof_0116.wav,spoof
/Users/yashcomputers/Desktop/Svara/data/combined/Malayalam/bona_0108.wav,bonafide
/Users/yashcomputers/Desktop/Svara/data/mlaad/fake/en/tts_models_en_ljspeech_tacotron2-DCA/emerald_city_of_oz_05_f000091.wav,spoof
/Users/yashcomputers/Desktop/Svara/data/combined/Odia/spoof_0013.wav,spoof
/Users/yashcomputers/Desktop/Svara/data/combined/Telugu/bona_0131.wav,bonafide
/Users/yashcomputers/Desktop/Svara/data/mlaad/fake/en/VoXtream2/emerald_city_of_oz_15_f000055.wav,spoof
/Users/yashcomputers/Desktop/Svara/data/combined/Odia/spoof_0141.wav,spoof
/Users/yashcomputers/Desktop/Svara/data/combined/Tamil/bona_0095.wav,bonafide
/Users/yashcomputers/Desktop/Svara/data/combined/Tamil/spoof_0081.wav,spoof
/Users/yashcomputers/Desktop/Svara/data/combined/Telugu/bona_0089.wav,bonafide
/Users/yashcomputers/Desktop/Svara/data/combined/Hindi/spoof_0094.wav,spoof
/Users/yashcomputers/Desktop/Svara/data/combined/Sanskrit/spoof_0085.wav,spoof
/Users/yashcomputers/Desktop/Svara/data/combined/Sanskrit/bona_0079.wav,bonafide
/Users/yashcomputers/Desktop/Svara/data/combined/Gujarati/bona_0136.wav,bonafide
/Users/yashcomputers/Desktop/Svara/data/mlaad/fake/en/tts_models_en_ljspeech_tacotron2-DCA/emerald_city_of_oz_02_f000027.wav,spoof
/Users/yashcomputers/Desktop/Svara/data/mlaad/fake/en/tts_models_en_ljspeech_tacotron2-DCA/dorothy_and_wizard_oz_17_f000089.wav,spoof
/Users/yashcomputers/Desktop/Svara/data/mlaad/fake/en/MegaTTS3/dorothy_and_wizard_oz_16_f000072.wav,spoof
/Users/yashcomputers/Desktop/Svara/data/combined/Gujarati/spoof_0137.wav,spoof
/Users/yashcomputers/Desktop/Svara/data/mlaad/fake/en/tts_models_en_ljspeech_tacotron2-DCA/dorothy_and_wizard_oz_02_f000134.wav,spoof
/Users/yashcomputers/Desktop/Svara/data/mlaad/fake/en/MegaTTS3/dorothy_and_wizard_oz_01_f000065.wav,spoof
/Users/yashcomputers/Desktop/Svara/data/combined/Urdu/bona_0041.wav,bonafide
/Users/yashcomputers/Desktop/Svara/data/mlaad/fake/en/MegaTTS3/dorothy_and_wizard_oz_02_f000103.wav,spoof
/Users/yashcomputers/Desktop/Svara/data/combined/Kannada/spoof_0146.wav,spoof
/Users/yashcomputers/Desktop/Svara/data/combined/Marathi/spoof_0045.wav,spoof
/Users/yashcomputers/Desktop/Svara/data/combined/Sanskrit/spoof_0089.wav,spoof
/Users/yashcomputers/Desktop/Svara/data/combined/Gujarati/spoof_0007.wav,spoof
/Users/yashcomputers/Desktop/Svara/data/combined/Punjabi/bona_0013.wav,bonafide
/Users/yashcomputers/Desktop/Svara/data/combined/Gujarati/bona_0059.wav,bonafide
/Users/yashcomputers/Desktop/Svara/data/combined/Bengali/bona_0025.wav,bonafide
/Users/yashcomputers/Desktop/Svara/data/combined/Marathi/bona_0132.wav,bonafide
/Users/yashcomputers/Desktop/Svara/data/combined/Telugu/bona_0000.wav,bonafide
/Users/yashcomputers/Desktop/Svara/data/combined/Hindi/bona_0141.wav,bonafide
/Users/yashcomputers/Desktop/Svara/data/combined/Marathi/spoof_0028.wav,spoof
/Users/yashcomputers/Desktop/Svara/data/combined/Telugu/spoof_0040.wav,spoof
/Users/yashcomputers/Desktop/Svara/data/combined/Urdu/bona_0025.wav,bonafide
/Users/yashcomputers/Desktop/Svara/data/mlaad/fake/en/VoXtream2/dorothy_and_wizard_oz_02_f000056.wav,spoof
/Users/yashcomputers/Desktop/Svara/data/mlaad/fake/en/VoXtream2/dorothy_and_wizard_oz_14_f000042.wav,spoof
/Users/yashcomputers/Desktop/Svara/data/combined/Punjabi/spoof_0137.wav,spoof
/Users/yashcomputers/Desktop/Svara/data/mlaad/fake/en/MegaTTS3/emerald_city_of_oz_04_f000040.wav,spoof
/Users/yashcomputers/Desktop/Svara/data/combined/Telugu/bona_0026.wav,bonafide
/Users/yashcomputers/Desktop/Svara/data/combined/Marathi/spoof_0140.wav,spoof
/Users/yashcomputers/Desktop/Svara/data/combined/Malayalam/bona_0095.wav,bonafide
/Users/yashcomputers/Desktop/Svara/data/combined/Marathi/spoof_0097.wav,spoof
/Users/yashcomputers/Desktop/Svara/data/combined/Urdu/bona_0005.wav,bonafide
/Users/yashcomputers/Desktop/Svara/data/combined/Urdu/spoof_0028.wav,spoof
/Users/yashcomputers/Desktop/Svara/data/mlaad/fake/en/VoXtream2/emerald_city_of_oz_15_f000107.wav,spoof
/Users/yashcomputers/Desktop/Svara/data/mlaad/fake/en/tts_models_en_ljspeech_tacotron2-DCA/emerald_city_of_oz_02_f000052.wav,spoof
/Users/yashcomputers/Desktop/Svara/data/combined/Telugu/spoof_0062.wav,spoof
/Users/yashcomputers/Desktop/Svara/data/mlaad/fake/en/VoXtream2/dorothy_and_wizard_oz_11_f000023.wav,spoof
/Users/yashcomputers/Desktop/Svara/data/combined/Bengali/bona_0039.wav,bonafide
/Users/yashcomputers/Desktop/Svara/data/combined/Urdu/spoof_0006.wav,spoof
/Users/yashcomputers/Desktop/Svara/data/combined/Odia/bona_0044.wav,bonafide
/Users/yashcomputers/Desktop/Svara/data/combined/Sanskrit/spoof_0082.wav,spoof
/Users/yashcomputers/Desktop/Svara/data/combined/Kannada/spoof_0100.wav,spoof
/Users/yashcomputers/Desktop/Svara/data/combined/Gujarati/bona_0131.wav,bonafide
/Users/yashcomputers/Desktop/Svara/data/combined/Punjabi/bona_0014.wav,bonafide
/Users/yashcomputers/Desktop/Svara/data/combined/Hindi/spoof_0084.wav,spoof
/Users/yashcomputers/Desktop/Svara/data/combined/Kannada/bona_0014.wav,bonafide
/Users/yashcomputers/Desktop/Svara/data/combined/Marathi/bona_0036.wav,bonafide
/Users/yashcomputers/Desktop/Svara/data/combined/Odia/bona_0117.wav,bonafide
/Users/yashcomputers/Desktop/Svara/data/combined/Malayalam/spoof_0004.wav,spoof
/Users/yashcomputers/Desktop/Svara/data/combined/Bengali/spoof_0038.wav,spoof
/Users/yashcomputers/Desktop/Svara/data/combined/Sanskrit/spoof_0122.wav,spoof
/Users/yashcomputers/Desktop/Svara/data/combined/Malayalam/spoof_0092.wav,spoof
/Users/yashcomputers/Desktop/Svara/data/combined/Sanskrit/bona_0058.wav,bonafide
/Users/yashcomputers/Desktop/Svara/data/mlaad/fake/en/VoXtream2/emerald_city_of_oz_01_f000057.wav,spoof
/Users/yashcomputers/Desktop/Svara/data/combined/Urdu/bona_0117.wav,bonafide
/Users/yashcomputers/Desktop/Svara/data/combined/Odia/bona_0078.wav,bonafide
/Users/yashcomputers/Desktop/Svara/data/mlaad/fake/en/VoXtream2/dorothy_and_wizard_oz_13_f000045.wav,spoof
/Users/yashcomputers/Desktop/Svara/data/mlaad/fake/en/VoXtream2/dorothy_and_wizard_oz_04_f000004.wav,spoof
/Users/yashcomputers/Desktop/Svara/data/combined/Marathi/bona_0051.wav,bonafide
/Users/yashcomputers/Desktop/Svara/data/mlaad/fake/en/tts_models_en_ljspeech_tacotron2-DCA/dorothy_and_wizard_oz_09_f000110.wav,spoof
/Users/yashcomputers/Desktop/Svara/data/mlaad/fake/en/VoXtream2/emerald_city_of_oz_09_f000065.wav,spoof
/Users/yashcomputers/Desktop/Svara/data/combined/Bengali/spoof_0087.wav,spoof
/Users/yashcomputers/Desktop/Svara/data/mlaad/fake/en/VoXtream2/dorothy_and_wizard_oz_16_f000083.wav,spoof
/Users/yashcomputers/Desktop/Svara/data/combined/Bengali/spoof_0147.wav,spoof
/Users/yashcomputers/Desktop/Svara/data/mlaad/fake/en/MegaTTS3/dorothy_and_wizard_oz_01_f000047.wav,spoof
/Users/yashcomputers/Desktop/Svara/data/combined/Tamil/spoof_0035.wav,spoof
/Users/yashcomputers/Desktop/Svara/data/combined/Bengali/spoof_0068.wav,spoof
/Users/yashcomputers/Desktop/Svara/data/combined/Kannada/bona_0022.wav,bonafide
/Users/yashcomputers/Desktop/Svara/data/combined/Kannada/spoof_0075.wav,spoof
/Users/yashcomputers/Desktop/Svara/data/combined/Kannada/bona_0092.wav,bonafide
/Users/yashcomputers/Desktop/Svara/data/combined/Telugu/bona_0051.wav,bonafide
/Users/yashcomputers/Desktop/Svara/data/combined/Marathi/spoof_0026.wav,spoof
/Users/yashcomputers/Desktop/Svara/data/mlaad/fake/en/VoXtream2/emerald_city_of_oz_12_f000110.wav,spoof
/Users/yashcomputers/Desktop/Svara/data/combined/Marathi/bona_0074.wav,bonafide
/Users/yashcomputers/Desktop/Svara/data/combined/Telugu/spoof_0130.wav,spoof
/Users/yashcomputers/Desktop/Svara/data/combined/Tamil/bona_0064.wav,bonafide
/Users/yashcomputers/Desktop/Svara/data/combined/Marathi/bona_0081.wav,bonafide
/Users/yashcomputers/Desktop/Svara/data/combined/Marathi/spoof_0037.wav,spoof
/Users/yashcomputers/Desktop/Svara/data/combined/Marathi/bona_0147.wav,bonafide
/Users/yashcomputers/Desktop/Svara/data/combined/Tamil/spoof_0075.wav,spoof
/Users/yashcomputers/Desktop/Svara/data/combined/Kannada/bona_0032.wav,bonafide
/Users/yashcomputers/Desktop/Svara/data/combined/Gujarati/bona_0094.wav,bonafide
/Users/yashcomputers/Desktop/Svara/data/combined/Urdu/bona_0144.wav,bonafide
/Users/yashcomputers/Desktop/Svara/data/combined/Punjabi/bona_0107.wav,bonafide
/Users/yashcomputers/Desktop/Svara/data/combined/Gujarati/spoof_0055.wav,spoof
/Users/yashcomputers/Desktop/Svara/data/combined/Odia/bona_0081.wav,bonafide
/Users/yashcomputers/Desktop/Svara/data/combined/Gujarati/bona_0144.wav,bonafide
/Users/yashcomputers/Desktop/Svara/data/combined/Sanskrit/bona_0075.wav,bonafide
/Users/yashcomputers/Desktop/Svara/data/mlaad/fake/en/tts_models_en_ljspeech_tacotron2-DCA/dorothy_and_wizard_oz_19_f000009.wav,spoof
/Users/yashcomputers/Desktop/Svara/data/combined/Urdu/spoof_0024.wav,spoof
/Users/yashcomputers/Desktop/Svara/data/combined/Sanskrit/bona_0065.wav,bonafide
/Users/yashcomputers/Desktop/Svara/data/combined/Bengali/spoof_0109.wav,spoof
/Users/yashcomputers/Desktop/Svara/data/combined/Bengali/bona_0121.wav,bonafide
/Users/yashcomputers/Desktop/Svara/data/combined/Telugu/bona_0062.wav,bonafide
/Users/yashcomputers/Desktop/Svara/data/combined/Hindi/spoof_0038.wav,spoof
/Users/yashcomputers/Desktop/Svara/data/combined/Odia/spoof_0061.wav,spoof
/Users/yashcomputers/Desktop/Svara/data/combined/Tamil/spoof_0091.wav,spoof
/Users/yashcomputers/Desktop/Svara/data/combined/Bengali/spoof_0034.wav,spoof
/Users/yashcomputers/Desktop/Svara/data/mlaad/fake/en/VoXtream2/emerald_city_of_oz_15_f000077.wav,spoof
/Users/yashcomputers/Desktop/Svara/data/combined/Gujarati/bona_0039.wav,bonafide
/Users/yashcomputers/Desktop/Svara/data/mlaad/fake/en/MegaTTS3/emerald_city_of_oz_07_f000075.wav,spoof
/Users/yashcomputers/Desktop/Svara/data/combined/Telugu/spoof_0006.wav,spoof
/Users/yashcomputers/Desktop/Svara/data/combined/Punjabi/spoof_0031.wav,spoof
/Users/yashcomputers/Desktop/Svara/data/combined/Gujarati/spoof_0116.wav,spoof
/Users/yashcomputers/Desktop/Svara/data/combined/Malayalam/spoof_0024.wav,spoof
/Users/yashcomputers/Desktop/Svara/data/combined/Odia/spoof_0003.wav,spoof
/Users/yashcomputers/Desktop/Svara/data/mlaad/fake/en/tts_models_en_ljspeech_tacotron2-DCA/dorothy_and_wizard_oz_13_f000022.wav,spoof
/Users/yashcomputers/Desktop/Svara/data/combined/Punjabi/spoof_0002.wav,spoof
/Users/yashcomputers/Desktop/Svara/data/combined/Marathi/bona_0098.wav,bonafide
/Users/yashcomputers/Desktop/Svara/data/mlaad/fake/en/MegaTTS3/dorothy_and_wizard_oz_08_f000026.wav,spoof
/Users/yashcomputers/Desktop/Svara/data/combined/Tamil/bona_0037.wav,bonafide
/Users/yashcomputers/Desktop/Svara/data/combined/Gujarati/bona_0015.wav,bonafide
/Users/yashcomputers/Desktop/Svara/data/combined/Telugu/bona_0070.wav,bonafide
/Users/yashcomputers/Desktop/Svara/data/combined/Hindi/bona_0083.wav,bonafide
/Users/yashcomputers/Desktop/Svara/data/mlaad/fake/en/tts_models_en_ljspeech_tacotron2-DCA/dorothy_and_wizard_oz_11_f000084.wav,spoof
/Users/yashcomputers/Desktop/Svara/data/combined/Odia/spoof_0036.wav,spoof
/Users/yashcomputers/Desktop/Svara/data/combined/Odia/bona_0135.wav,bonafide
/Users/yashcomputers/Desktop/Svara/data/combined/Malayalam/bona_0004.wav,bonafide
/Users/yashcomputers/Desktop/Svara/data/mlaad/fake/en/MegaTTS3/dorothy_and_wizard_oz_19_f000017.wav,spoof
/Users/yashcomputers/Desktop/Svara/data/combined/Hindi/bona_0138.wav,bonafide
/Users/yashcomputers/Desktop/Svara/data/combined/Malayalam/bona_0028.wav,bonafide
/Users/yashcomputers/Desktop/Svara/data/combined/Gujarati/bona_0044.wav,bonafide
/Users/yashcomputers/Desktop/Svara/data/combined/Odia/bona_0059.wav,bonafide
/Users/yashcomputers/Desktop/Svara/data/combined/Malayalam/spoof_0047.wav,spoof
/Users/yashcomputers/Desktop/Svara/data/mlaad/fake/en/VoXtream2/emerald_city_of_oz_06_f000041.wav,spoof
/Users/yashcomputers/Desktop/Svara/data/combined/Telugu/bona_0107.wav,bonafide
/Users/yashcomputers/Desktop/Svara/data/combined/Tamil/bona_0057.wav,bonafide
/Users/yashcomputers/Desktop/Svara/data/combined/Odia/spoof_0079.wav,spoof
/Users/yashcomputers/Desktop/Svara/data/combined/Urdu/spoof_0033.wav,spoof
/Users/yashcomputers/Desktop/Svara/data/combined/Telugu/bona_0136.wav,bonafide
/Users/yashcomputers/Desktop/Svara/data/combined/Urdu/bona_0096.wav,bonafide
/Users/yashcomputers/Desktop/Svara/data/combined/Tamil/bona_0058.wav,bonafide
/Users/yashcomputers/Desktop/Svara/data/combined/Marathi/bona_0043.wav,bonafide
/Users/yashcomputers/Desktop/Svara/data/mlaad/fake/en/VoXtream2/emerald_city_of_oz_17_f000014.wav,spoof
/Users/yashcomputers/Desktop/Svara/data/combined/Kannada/spoof_0005.wav,spoof
/Users/yashcomputers/Desktop/Svara/data/mlaad/fake/en/VoXtream2/emerald_city_of_oz_15_f000042.wav,spoof
/Users/yashcomputers/Desktop/Svara/data/combined/Urdu/spoof_0022.wav,spoof
/Users/yashcomputers/Desktop/Svara/data/mlaad/fake/en/tts_models_en_ljspeech_tacotron2-DCA/emerald_city_of_oz_07_f000114.wav,spoof
/Users/yashcomputers/Desktop/Svara/data/combined/Tamil/bona_0125.wav,bonafide
/Users/yashcomputers/Desktop/Svara/data/combined/Urdu/spoof_0130.wav,spoof
/Users/yashcomputers/Desktop/Svara/data/mlaad/fake/en/VoXtream2/dorothy_and_wizard_oz_04_f000019.wav,spoof
/Users/yashcomputers/Desktop/Svara/data/combined/Urdu/spoof_0004.wav,spoof
/Users/yashcomputers/Desktop/Svara/data/combined/Kannada/bona_0019.wav,bonafide
/Users/yashcomputers/Desktop/Svara/data/mlaad/fake/en/VoXtream2/dorothy_and_wizard_oz_13_f000091.wav,spoof
/Users/yashcomputers/Desktop/Svara/data/combined/Urdu/bona_0015.wav,bonafide
/Users/yashcomputers/Desktop/Svara/data/combined/Gujarati/bona_0072.wav,bonafide
/Users/yashcomputers/Desktop/Svara/data/combined/Hindi/spoof_0020.wav,spoof
/Users/yashcomputers/Desktop/Svara/data/mlaad/fake/en/MegaTTS3/dorothy_and_wizard_oz_17_f000006.wav,spoof
/Users/yashcomputers/Desktop/Svara/data/mlaad/fake/en/VoXtream2/emerald_city_of_oz_11_f000025.wav,spoof
/Users/yashcomputers/Desktop/Svara/data/combined/Odia/spoof_0018.wav,spoof
/Users/yashcomputers/Desktop/Svara/data/combined/Tamil/spoof_0132.wav,spoof
/Users/yashcomputers/Desktop/Svara/data/mlaad/fake/en/MegaTTS3/dorothy_and_wizard_oz_18_f000026.wav,spoof
/Users/yashcomputers/Desktop/Svara/data/combined/Telugu/bona_0105.wav,bonafide
/Users/yashcomputers/Desktop/Svara/data/mlaad/fake/en/MegaTTS3/dorothy_and_wizard_oz_12_f000100.wav,spoof
/Users/yashcomputers/Desktop/Svara/data/combined/Urdu/bona_0034.wav,bonafide
/Users/yashcomputers/Desktop/Svara/data/combined/Urdu/bona_0081.wav,bonafide
/Users/yashcomputers/Desktop/Svara/data/combined/Urdu/spoof_0095.wav,spoof
/Users/yashcomputers/Desktop/Svara/data/combined/Telugu/spoof_0097.wav,spoof
/Users/yashcomputers/Desktop/Svara/data/combined/Telugu/bona_0045.wav,bonafide
/Users/yashcomputers/Desktop/Svara/data/mlaad/fake/en/MegaTTS3/emerald_city_of_oz_11_f000052.wav,spoof
/Users/yashcomputers/Desktop/Svara/data/combined/Hindi/bona_0088.wav,bonafide
/Users/yashcomputers/Desktop/Svara/data/combined/Urdu/spoof_0141.wav,spoof
/Users/yashcomputers/Desktop/Svara/data/combined/Gujarati/spoof_0141.wav,spoof
/Users/yashcomputers/Desktop/Svara/data/combined/Kannada/bona_0007.wav,bonafide
/Users/yashcomputers/Desktop/Svara/data/combined/Telugu/spoof_0058.wav,spoof
/Users/yashcomputers/Desktop/Svara/data/combined/Urdu/bona_0042.wav,bonafide
/Users/yashcomputers/Desktop/Svara/data/combined/Telugu/bona_0074.wav,bonafide
/Users/yashcomputers/Desktop/Svara/data/combined/Kannada/bona_0024.wav,bonafide
/Users/yashcomputers/Desktop/Svara/data/mlaad/fake/en/tts_models_en_ljspeech_tacotron2-DCA/emerald_city_of_oz_06_f000021.wav,spoof
/Users/yashcomputers/Desktop/Svara/data/mlaad/fake/en/tts_models_en_ljspeech_tacotron2-DCA/emerald_city_of_oz_06_f000047.wav,spoof
/Users/yashcomputers/Desktop/Svara/data/combined/Marathi/spoof_0039.wav,spoof
/Users/yashcomputers/Desktop/Svara/data/combined/Gujarati/spoof_0144.wav,spoof
/Users/yashcomputers/Desktop/Svara/data/combined/Kannada/bona_0042.wav,bonafide
/Users/yashcomputers/Desktop/Svara/data/mlaad/fake/en/tts_models_en_ljspeech_tacotron2-DCA/dorothy_and_wizard_oz_17_f000044.wav,spoof
/Users/yashcomputers/Desktop/Svara/data/combined/Hindi/spoof_0004.wav,spoof
/Users/yashcomputers/Desktop/Svara/data/mlaad/fake/en/MegaTTS3/emerald_city_of_oz_04_f000001.wav,spoof
/Users/yashcomputers/Desktop/Svara/data/combined/Gujarati/bona_0022.wav,bonafide
/Users/yashcomputers/Desktop/Svara/data/combined/Sanskrit/bona_0133.wav,bonafide
/Users/yashcomputers/Desktop/Svara/data/combined/Kannada/spoof_0001.wav,spoof
/Users/yashcomputers/Desktop/Svara/data/combined/Urdu/spoof_0085.wav,spoof
/Users/yashcomputers/Desktop/Svara/data/combined/Gujarati/spoof_0115.wav,spoof
/Users/yashcomputers/Desktop/Svara/data/combined/Punjabi/bona_0022.wav,bonafide
/Users/yashcomputers/Desktop/Svara/data/combined/Kannada/spoof_0137.wav,spoof
/Users/yashcomputers/Desktop/Svara/data/combined/Odia/bona_0119.wav,bonafide
/Users/yashcomputers/Desktop/Svara/data/combined/Hindi/spoof_0100.wav,spoof
/Users/yashcomputers/Desktop/Svara/data/combined/Bengali/spoof_0052.wav,spoof
/Users/yashcomputers/Desktop/Svara/data/combined/Tamil/bona_0099.wav,bonafide
/Users/yashcomputers/Desktop/Svara/data/combined/Marathi/bona_0026.wav,bonafide
/Users/yashcomputers/Desktop/Svara/data/mlaad/fake/en/tts_models_en_ljspeech_tacotron2-DCA/dorothy_and_wizard_oz_10_f000060.wav,spoof
/Users/yashcomputers/Desktop/Svara/data/mlaad/fake/en/MegaTTS3/dorothy_and_wizard_oz_16_f000104.wav,spoof
/Users/yashcomputers/Desktop/Svara/data/mlaad/fake/en/tts_models_en_ljspeech_tacotron2-DCA/emerald_city_of_oz_11_f000015.wav,spoof
/Users/yashcomputers/Desktop/Svara/data/combined/Malayalam/spoof_0143.wav,spoof
/Users/yashcomputers/Desktop/Svara/data/combined/Odia/bona_0035.wav,bonafide
/Users/yashcomputers/Desktop/Svara/data/combined/Urdu/spoof_0044.wav,spoof
/Users/yashcomputers/Desktop/Svara/data/mlaad/fake/en/MegaTTS3/emerald_city_of_oz_01_f000035.wav,spoof
/Users/yashcomputers/Desktop/Svara/data/combined/Tamil/bona_0008.wav,bonafide
/Users/yashcomputers/Desktop/Svara/data/combined/Punjabi/bona_0048.wav,bonafide
/Users/yashcomputers/Desktop/Svara/data/combined/Tamil/bona_0097.wav,bonafide
/Users/yashcomputers/Desktop/Svara/data/mlaad/fake/en/tts_models_en_ljspeech_tacotron2-DCA/dorothy_and_wizard_oz_11_f000025.wav,spoof
/Users/yashcomputers/Desktop/Svara/data/mlaad/fake/en/VoXtream2/emerald_city_of_oz_14_f000060.wav,spoof
/Users/yashcomputers/Desktop/Svara/data/combined/Punjabi/spoof_0148.wav,spoof
/Users/yashcomputers/Desktop/Svara/data/combined/Urdu/bona_0127.wav,bonafide
/Users/yashcomputers/Desktop/Svara/data/mlaad/fake/en/MegaTTS3/dorothy_and_wizard_oz_02_f000017.wav,spoof
/Users/yashcomputers/Desktop/Svara/data/combined/Urdu/spoof_0106.wav,spoof
/Users/yashcomputers/Desktop/Svara/data/combined/Telugu/spoof_0110.wav,spoof
/Users/yashcomputers/Desktop/Svara/data/combined/Sanskrit/spoof_0051.wav,spoof
/Users/yashcomputers/Desktop/Svara/data/combined/Kannada/spoof_0130.wav,spoof
/Users/yashcomputers/Desktop/Svara/data/combined/Tamil/spoof_0036.wav,spoof
/Users/yashcomputers/Desktop/Svara/data/combined/Kannada/spoof_0086.wav,spoof
/Users/yashcomputers/Desktop/Svara/data/mlaad/fake/en/VoXtream2/dorothy_and_wizard_oz_01_f000040.wav,spoof
/Users/yashcomputers/Desktop/Svara/data/combined/Urdu/bona_0139.wav,bonafide
/Users/yashcomputers/Desktop/Svara/data/combined/Kannada/spoof_0004.wav,spoof
/Users/yashcomputers/Desktop/Svara/data/combined/Telugu/bona_0079.wav,bonafide
/Users/yashcomputers/Desktop/Svara/data/combined/Punjabi/bona_0078.wav,bonafide
/Users/yashcomputers/Desktop/Svara/data/combined/Marathi/bona_0064.wav,bonafide
/Users/yashcomputers/Desktop/Svara/data/combined/Sanskrit/bona_0147.wav,bonafide
/Users/yashcomputers/Desktop/Svara/data/combined/Sanskrit/spoof_0102.wav,spoof
/Users/yashcomputers/Desktop/Svara/data/combined/Odia/spoof_0032.wav,spoof
/Users/yashcomputers/Desktop/Svara/data/combined/Punjabi/spoof_0125.wav,spoof
/Users/yashcomputers/Desktop/Svara/data/mlaad/fake/en/VoXtream2/emerald_city_of_oz_01_f000028.wav,spoof
/Users/yashcomputers/Desktop/Svara/data/combined/Odia/spoof_0136.wav,spoof
/Users/yashcomputers/Desktop/Svara/data/combined/Kannada/spoof_0085.wav,spoof
/Users/yashcomputers/Desktop/Svara/data/combined/Tamil/bona_0012.wav,bonafide
/Users/yashcomputers/Desktop/Svara/data/combined/Punjabi/spoof_0091.wav,spoof
/Users/yashcomputers/Desktop/Svara/data/mlaad/fake/en/MegaTTS3/dorothy_and_wizard_oz_02_f000086.wav,spoof
/Users/yashcomputers/Desktop/Svara/data/combined/Malayalam/spoof_0000.wav,spoof
/Users/yashcomputers/Desktop/Svara/data/combined/Tamil/bona_0011.wav,bonafide
/Users/yashcomputers/Desktop/Svara/data/combined/Urdu/spoof_0126.wav,spoof
/Users/yashcomputers/Desktop/Svara/data/combined/Kannada/bona_0005.wav,bonafide
/Users/yashcomputers/Desktop/Svara/data/combined/Sanskrit/spoof_0026.wav,spoof
/Users/yashcomputers/Desktop/Svara/data/mlaad/fake/en/tts_models_en_ljspeech_tacotron2-DCA/dorothy_and_wizard_oz_16_f000007.wav,spoof
/Users/yashcomputers/Desktop/Svara/data/combined/Malayalam/bona_0064.wav,bonafide
/Users/yashcomputers/Desktop/Svara/data/combined/Gujarati/spoof_0148.wav,spoof
/Users/yashcomputers/Desktop/Svara/data/combined/Bengali/bona_0048.wav,bonafide
/Users/yashcomputers/Desktop/Svara/data/combined/Kannada/bona_0124.wav,bonafide
/Users/yashcomputers/Desktop/Svara/data/combined/Malayalam/bona_0131.wav,bonafide
/Users/yashcomputers/Desktop/Svara/data/combined/Kannada/spoof_0058.wav,spoof
/Users/yashcomputers/Desktop/Svara/data/combined/Punjabi/spoof_0066.wav,spoof
/Users/yashcomputers/Desktop/Svara/data/combined/Telugu/spoof_0132.wav,spoof
/Users/yashcomputers/Desktop/Svara/data/combined/Punjabi/bona_0123.wav,bonafide
/Users/yashcomputers/Desktop/Svara/data/combined/Sanskrit/spoof_0041.wav,spoof
/Users/yashcomputers/Desktop/Svara/data/combined/Hindi/bona_0039.wav,bonafide
/Users/yashcomputers/Desktop/Svara/data/combined/Hindi/bona_0023.wav,bonafide
/Users/yashcomputers/Desktop/Svara/data/combined/Tamil/spoof_0118.wav,spoof
/Users/yashcomputers/Desktop/Svara/data/combined/Kannada/bona_0054.wav,bonafide
/Users/yashcomputers/Desktop/Svara/data/combined/Telugu/bona_0092.wav,bonafide
/Users/yashcomputers/Desktop/Svara/data/combined/Kannada/bona_0041.wav,bonafide
/Users/yashcomputers/Desktop/Svara/data/mlaad/fake/en/tts_models_en_ljspeech_tacotron2-DCA/emerald_city_of_oz_10_f000015.wav,spoof
/Users/yashcomputers/Desktop/Svara/data/combined/Telugu/spoof_0045.wav,spoof
/Users/yashcomputers/Desktop/Svara/data/combined/Hindi/bona_0109.wav,bonafide
/Users/yashcomputers/Desktop/Svara/data/combined/Marathi/spoof_0128.wav,spoof
/Users/yashcomputers/Desktop/Svara/data/combined/Punjabi/bona_0015.wav,bonafide
/Users/yashcomputers/Desktop/Svara/data/combined/Telugu/spoof_0100.wav,spoof
/Users/yashcomputers/Desktop/Svara/data/combined/Odia/bona_0116.wav,bonafide
/Users/yashcomputers/Desktop/Svara/data/combined/Hindi/spoof_0095.wav,spoof
/Users/yashcomputers/Desktop/Svara/data/mlaad/fake/en/MegaTTS3/dorothy_and_wizard_oz_03_f000117.wav,spoof
/Users/yashcomputers/Desktop/Svara/data/combined/Bengali/bona_0026.wav,bonafide
/Users/yashcomputers/Desktop/Svara/data/mlaad/fake/en/tts_models_en_ljspeech_tacotron2-DCA/emerald_city_of_oz_11_f000038.wav,spoof
/Users/yashcomputers/Desktop/Svara/data/mlaad/fake/en/tts_models_en_ljspeech_tacotron2-DCA/emerald_city_of_oz_01_f000031.wav,spoof
/Users/yashcomputers/Desktop/Svara/data/combined/Tamil/spoof_0149.wav,spoof
/Users/yashcomputers/Desktop/Svara/data/combined/Bengali/bona_0091.wav,bonafide
/Users/yashcomputers/Desktop/Svara/data/combined/Hindi/spoof_0149.wav,spoof
/Users/yashcomputers/Desktop/Svara/data/combined/Hindi/spoof_0124.wav,spoof
/Users/yashcomputers/Desktop/Svara/data/combined/Malayalam/bona_0036.wav,bonafide
/Users/yashcomputers/Desktop/Svara/data/combined/Tamil/bona_0002.wav,bonafide
/Users/yashcomputers/Desktop/Svara/data/combined/Malayalam/bona_0100.wav,bonafide
/Users/yashcomputers/Desktop/Svara/data/mlaad/fake/en/VoXtream2/emerald_city_of_oz_05_f000012.wav,spoof
/Users/yashcomputers/Desktop/Svara/data/combined/Odia/spoof_0059.wav,spoof
/Users/yashcomputers/Desktop/Svara/data/combined/Sanskrit/bona_0008.wav,bonafide
/Users/yashcomputers/Desktop/Svara/data/combined/Telugu/spoof_0042.wav,spoof
/Users/yashcomputers/Desktop/Svara/data/combined/Kannada/bona_0020.wav,bonafide
/Users/yashcomputers/Desktop/Svara/data/combined/Kannada/spoof_0011.wav,spoof
/Users/yashcomputers/Desktop/Svara/data/combined/Urdu/bona_0142.wav,bonafide
/Users/yashcomputers/Desktop/Svara/data/mlaad/fake/en/VoXtream2/emerald_city_of_oz_03_f000046.wav,spoof
/Users/yashcomputers/Desktop/Svara/data/mlaad/fake/en/tts_models_en_ljspeech_tacotron2-DCA/emerald_city_of_oz_07_f000113.wav,spoof
/Users/yashcomputers/Desktop/Svara/data/combined/Bengali/spoof_0131.wav,spoof
/Users/yashcomputers/Desktop/Svara/data/combined/Bengali/bona_0047.wav,bonafide
/Users/yashcomputers/Desktop/Svara/data/combined/Punjabi/bona_0060.wav,bonafide
/Users/yashcomputers/Desktop/Svara/data/combined/Odia/bona_0016.wav,bonafide
/Users/yashcomputers/Desktop/Svara/data/mlaad/fake/en/tts_models_en_ljspeech_tacotron2-DCA/emerald_city_of_oz_11_f000028.wav,spoof
/Users/yashcomputers/Desktop/Svara/data/combined/Kannada/spoof_0068.wav,spoof
/Users/yashcomputers/Desktop/Svara/data/combined/Sanskrit/bona_0023.wav,bonafide
/Users/yashcomputers/Desktop/Svara/data/combined/Urdu/bona_0031.wav,bonafide
/Users/yashcomputers/Desktop/Svara/data/combined/Punjabi/spoof_0014.wav,spoof
/Users/yashcomputers/Desktop/Svara/data/combined/Hindi/spoof_0088.wav,spoof
/Users/yashcomputers/Desktop/Svara/data/combined/Bengali/bona_0125.wav,bonafide
/Users/yashcomputers/Desktop/Svara/data/combined/Bengali/spoof_0088.wav,spoof
/Users/yashcomputers/Desktop/Svara/data/mlaad/fake/en/VoXtream2/dorothy_and_wizard_oz_03_f000086.wav,spoof
/Users/yashcomputers/Desktop/Svara/data/combined/Kannada/spoof_0072.wav,spoof
/Users/yashcomputers/Desktop/Svara/data/combined/Marathi/spoof_0053.wav,spoof
/Users/yashcomputers/Desktop/Svara/data/combined/Punjabi/bona_0091.wav,bonafide
/Users/yashcomputers/Desktop/Svara/data/mlaad/fake/en/MegaTTS3/emerald_city_of_oz_05_f000001.wav,spoof
/Users/yashcomputers/Desktop/Svara/data/combined/Telugu/bona_0094.wav,bonafide
/Users/yashcomputers/Desktop/Svara/data/combined/Punjabi/bona_0012.wav,bonafide
/Users/yashcomputers/Desktop/Svara/data/combined/Hindi/spoof_0037.wav,spoof
/Users/yashcomputers/Desktop/Svara/data/combined/Odia/spoof_0127.wav,spoof
/Users/yashcomputers/Desktop/Svara/data/mlaad/fake/en/VoXtream2/dorothy_and_wizard_oz_14_f000018.wav,spoof
/Users/yashcomputers/Desktop/Svara/data/combined/Gujarati/spoof_0023.wav,spoof
/Users/yashcomputers/Desktop/Svara/data/combined/Bengali/bona_0082.wav,bonafide
/Users/yashcomputers/Desktop/Svara/data/mlaad/fake/en/VoXtream2/dorothy_and_wizard_oz_14_f000046.wav,spoof
